{"Variable":{"0":"Contract_Month-to-month","1":"tenure","2":"InternetService_Fiber optic","3":"PaymentMethod_Electronic check","4":"tenure_group_Tenure_0-12","5":"TotalCharges","6":"Contract_Two year","7":"InternetService_No","8":"MonthlyCharges","9":"PaperlessBilling","10":"MultipleLines_No","11":"OnlineSecurity","12":"StreamingMovies","13":"InternetService_DSL","14":"tenure_group_Tenure_gt_60","15":"SeniorCitizen","16":"TechSupport","17":"StreamingTV","18":"Contract_One year","19":"Dependents","20":"MultipleLines_Yes","21":"MultipleLines_No phone service","22":"PhoneService","23":"OnlineBackup","24":"DeviceProtection","25":"PaymentMethod_Credit card (automatic)","26":"tenure_group_Tenure_12-24","27":"gender","28":"tenure_group_Tenure_24-48","29":"Partner","30":"PaymentMethod_Mailed check","31":"PaymentMethod_Bank transfer (automatic)","32":"tenure_group_Tenure_48-60"},"relative_importance":{"0":689.2067260742,"1":458.2872619629,"2":416.737121582,"3":283.5584411621,"4":200.1250457764,"5":114.1352081299,"6":89.843132019,"7":85.0531997681,"8":72.0937576294,"9":48.6531715393,"10":36.1006622314,"11":29.8978881836,"12":23.94257164,"13":20.4503059387,"14":20.3212623596,"15":20.0467300415,"16":19.5959091187,"17":18.8325519562,"18":12.3861303329,"19":12.128903389,"20":5.2048974037,"21":4.8804345131,"22":2.1200139523,"23":1.5184385777,"24":1.2756528854,"25":1.222859025,"26":0.9902642965,"27":0.9050587416,"28":0.8666994572,"29":0.4282394648,"30":0.2415559143,"31":0.0,"32":0.0},"scaled_importance":{"0":1.0,"1":0.664948911,"2":0.6046620061,"3":0.4114272691,"4":0.2903701287,"5":0.1656037352,"6":0.1303573059,"7":0.123407385,"8":0.104603967,"9":0.0705930016,"10":0.0523800202,"11":0.0433801457,"12":0.034739318,"13":0.0296722379,"14":0.029485003,"15":0.0290866721,"16":0.0284325564,"17":0.0273249683,"18":0.0179715749,"19":0.0175983532,"20":0.0075520119,"21":0.0070812346,"22":0.0030760204,"23":0.0022031685,"24":0.0018509002,"25":0.0017742993,"26":0.0014368175,"27":0.0013131891,"28":0.0012575319,"29":0.0006213513,"30":0.000350484,"31":0.0,"32":0.0},"percentage":{"0":0.2561107009,"1":0.1703005317,"2":0.1548604102,"3":0.1053709263,"4":0.0743668972,"5":0.0424128887,"6":0.033385901,"7":0.0316059519,"8":0.0267901953,"9":0.0180796231,"10":0.0134150837,"11":0.0111101195,"12":0.0088971111,"13":0.0075993776,"14":0.0075514248,"15":0.007449408,"16":0.007281882,"17":0.0069982168,"18":0.0046027127,"19":0.0045071266,"20":0.0019341511,"21":0.00181358,"22":0.0007878017,"23":0.000564255,"24":0.0004740354,"25":0.000454417,"26":0.0003679843,"27":0.0003363218,"28":0.0003220674,"29":0.0001591347,"30":0.0000897627,"31":0.0,"32":0.0}}