{"Variable":{"0":"tenure","1":"InternetService_Fiber optic","2":"TotalCharges","3":"Contract_Month-to-month","4":"MonthlyCharges","5":"Contract_Two year","6":"PaymentMethod_Electronic check","7":"tenure_group_Tenure_0-12","8":"Contract_One year","9":"InternetService_No","10":"tenure_group_Tenure_gt_60","11":"PaperlessBilling","12":"TechSupport","13":"OnlineSecurity","14":"InternetService_DSL","15":"StreamingTV","16":"MultipleLines_No","17":"SeniorCitizen","18":"StreamingMovies","19":"PaymentMethod_Mailed check","20":"OnlineBackup","21":"MultipleLines_Yes","22":"gender","23":"Partner","24":"tenure_group_Tenure_12-24","25":"Dependents","26":"MultipleLines_No phone service","27":"PaymentMethod_Credit card (automatic)","28":"PhoneService","29":"tenure_group_Tenure_24-48","30":"DeviceProtection","31":"PaymentMethod_Bank transfer (automatic)","32":"tenure_group_Tenure_48-60"},"relative_importance":{"0":673.0614624023,"1":575.3723144531,"2":517.4180908203,"3":401.9287719727,"4":349.0227966309,"5":285.7851867676,"6":232.0120849609,"7":151.0916595459,"8":143.3196258545,"9":134.8280639648,"10":131.6977844238,"11":116.1261138916,"12":81.998298645,"13":76.2083969116,"14":71.5017852783,"15":64.4751358032,"16":52.6699638367,"17":52.0047187805,"18":48.3636054993,"19":43.721622467,"20":36.893737793,"21":34.9840278625,"22":32.109085083,"23":20.2273902893,"24":17.219083786,"25":16.156332016,"26":13.6645488739,"27":13.1241540909,"28":11.4299068451,"29":9.6612091064,"30":6.9022650719,"31":5.5276141167,"32":4.7879490852},"scaled_importance":{"0":1.0,"1":0.8548585034,"2":0.7687531076,"3":0.5971650353,"4":0.5185600664,"5":0.4246048879,"6":0.3447115872,"7":0.2244841935,"8":0.2129369067,"9":0.2003205821,"10":0.1956697743,"11":0.1725341895,"12":0.1218288421,"13":0.1132265048,"14":0.106233664,"15":0.0957938307,"16":0.0782543152,"17":0.0772659284,"18":0.0718561501,"19":0.0649593312,"20":0.0548148124,"21":0.0519774639,"22":0.0477060222,"23":0.030052813,"24":0.0255832264,"25":0.0240042447,"26":0.0203020818,"27":0.0194991911,"28":0.016981966,"29":0.0143541261,"30":0.0102550294,"31":0.0082126439,"32":0.0071136878},"percentage":{"0":0.152094153,"1":0.13001898,"2":0.1169228528,"3":0.0908253103,"4":0.0788699541,"5":0.0645799208,"6":0.0524286169,"7":0.0341427333,"8":0.0323864585,"9":0.0304675893,"10":0.0297602286,"11":0.0262414414,"12":0.0185294546,"13":0.0172210893,"14":0.0161575192,"15":0.0145696815,"16":0.0119020238,"17":0.0117516959,"18":0.0109289003,"19":0.0098799345,"20":0.0083370125,"21":0.0079054683,"22":0.007255807,"23":0.0045708571,"24":0.0038910592,"25":0.0036509053,"26":0.0030878279,"27":0.002965713,"28":0.0025828577,"29":0.0021831787,"30":0.00155973,"31":0.0012490951,"32":0.0010819503}}