{"model_id":{"0":"GBM_grid_1_AutoML_20190426_065209_model_5","1":"StackedEnsemble_BestOfFamily_AutoML_20190426_065209","2":"StackedEnsemble_AllModels_AutoML_20190426_065209","3":"GBM_grid_1_AutoML_20190426_065209_model_15","4":"GBM_grid_1_AutoML_20190426_065209_model_4","5":"GBM_grid_1_AutoML_20190426_065209_model_13","6":"GBM_grid_1_AutoML_20190426_065209_model_14","7":"GBM_grid_1_AutoML_20190426_065209_model_10","8":"GBM_5_AutoML_20190426_065209","9":"GBM_grid_1_AutoML_20190426_065209_model_7","10":"GLM_grid_1_AutoML_20190426_065209_model_1","11":"GBM_grid_1_AutoML_20190426_065209_model_9","12":"GBM_grid_1_AutoML_20190426_065209_model_2","13":"GBM_grid_1_AutoML_20190426_065209_model_6","14":"GBM_1_AutoML_20190426_065209","15":"GBM_2_AutoML_20190426_065209","16":"GBM_3_AutoML_20190426_065209","17":"DeepLearning_1_AutoML_20190426_065209","18":"GBM_grid_1_AutoML_20190426_065209_model_8","19":"GBM_4_AutoML_20190426_065209","20":"DeepLearning_grid_1_AutoML_20190426_065209_model_3","21":"GBM_grid_1_AutoML_20190426_065209_model_11","22":"XRT_1_AutoML_20190426_065209","23":"DRF_1_AutoML_20190426_065209","24":"GBM_grid_1_AutoML_20190426_065209_model_3","25":"DeepLearning_grid_1_AutoML_20190426_065209_model_1","26":"GBM_grid_1_AutoML_20190426_065209_model_1","27":"DeepLearning_grid_1_AutoML_20190426_065209_model_2","28":"GBM_grid_1_AutoML_20190426_065209_model_12"},"auc":{"0":0.8500906303,"1":0.8500350324,"2":0.8492871294,"3":0.849047846,"4":0.8490177413,"5":0.8480258397,"6":0.8480214872,"7":0.8477372799,"8":0.8476570697,"9":0.8473299593,"10":0.846018616,"11":0.8448608535,"12":0.8429128547,"13":0.842470507,"14":0.841864319,"15":0.8415851378,"16":0.837432447,"17":0.8372968462,"18":0.8350980611,"19":0.8314816076,"20":0.828296776,"21":0.8181110667,"22":0.8163791898,"23":0.8149374791,"24":0.8088814544,"25":0.782798635,"26":0.7788470397,"27":0.7552828616,"28":0.7549324343},"logloss":{"0":0.4117128613,"1":0.4190464944,"2":0.4191688461,"3":0.4125014377,"4":0.4122854892,"5":0.4133931794,"6":0.4310110378,"7":0.43239676,"8":0.4136634816,"9":0.4137878808,"10":0.415778461,"11":0.4636704134,"12":0.4192546174,"13":0.5701837146,"14":0.4202544731,"15":0.4214712685,"16":0.4278750938,"17":0.4285083302,"18":0.4304108541,"19":0.4385912293,"20":0.457418158,"21":0.4677947496,"22":0.5781468253,"23":0.5674620805,"24":0.4958024532,"25":0.758556796,"26":0.7606981645,"27":1.2471341147,"28":0.5700095164},"mean_per_class_error":{"0":0.238957964,"1":0.2411136905,"2":0.2315539107,"3":0.2342543204,"4":0.2385331298,"5":0.2353388678,"6":0.231927914,"7":0.2341975826,"8":0.238196589,"9":0.2311108893,"10":0.2350242449,"11":0.2326213591,"12":0.2372516321,"13":0.2328963433,"14":0.2423902139,"15":0.2356710562,"16":0.243787208,"17":0.2481457612,"18":0.2389214341,"19":0.249149943,"20":0.2520392197,"21":0.2640124556,"22":0.2608946731,"23":0.2596913649,"24":0.2681103257,"25":0.2736805813,"26":0.2837388767,"27":0.2974318128,"28":0.2920118736},"rmse":{"0":0.3653707735,"1":0.3671047458,"2":0.3673432371,"3":0.365884254,"4":0.365641714,"5":0.3663073362,"6":0.3719179379,"7":0.372597548,"8":0.366746254,"9":0.3669028994,"10":0.3673612136,"11":0.3866652651,"12":0.3692171417,"13":0.4378034545,"14":0.3707259649,"15":0.3710317024,"16":0.3736086758,"17":0.3735369348,"18":0.3747005875,"19":0.3787107992,"20":0.3803273496,"21":0.3889681901,"22":0.385056754,"23":0.3855964295,"24":0.3963527391,"25":0.4439349162,"26":0.4388113323,"27":0.4609276968,"28":0.4377109066},"mse":{"0":0.1334958021,"1":0.1347658944,"2":0.1349410538,"3":0.1338712873,"4":0.133693863,"5":0.1341810646,"6":0.1383229526,"7":0.1388289328,"8":0.1345028149,"9":0.1346177376,"10":0.1349542613,"11":0.1495100272,"12":0.1363212977,"13":0.1916718648,"14":0.1374377411,"15":0.1376645242,"16":0.1395834427,"17":0.1395298417,"18":0.1404005303,"19":0.1434218694,"20":0.1446488929,"21":0.1512962529,"22":0.1482687038,"23":0.1486846064,"24":0.1570954938,"25":0.1970782099,"26":0.1925553853,"27":0.2124543417,"28":0.1915908377}}