{"Variable":{"0":"Contract_Month-to-month","1":"tenure","2":"InternetService_Fiber optic","3":"TotalCharges","4":"MonthlyCharges","5":"PaymentMethod_Electronic check","6":"tenure_group_Tenure_0-12","7":"InternetService_No","8":"Contract_Two year","9":"OnlineSecurity","10":"PaperlessBilling","11":"TechSupport","12":"InternetService_DSL","13":"SeniorCitizen","14":"MultipleLines_No","15":"StreamingMovies","16":"gender","17":"StreamingTV","18":"MultipleLines_Yes","19":"Contract_One year","20":"tenure_group_Tenure_gt_60","21":"OnlineBackup","22":"PaymentMethod_Mailed check","23":"PhoneService","24":"PaymentMethod_Credit card (automatic)","25":"Partner","26":"tenure_group_Tenure_12-24","27":"Dependents","28":"DeviceProtection","29":"PaymentMethod_Bank transfer (automatic)","30":"MultipleLines_No phone service","31":"tenure_group_Tenure_24-48","32":"tenure_group_Tenure_48-60"},"relative_importance":{"0":736.3001098633,"1":705.6792602539,"2":549.0198974609,"3":413.255645752,"4":260.7321777344,"5":220.3856964111,"6":181.4098358154,"7":146.729095459,"8":129.0038146973,"9":70.95728302,"10":58.5884742737,"11":41.1199378967,"12":40.3111610413,"13":39.4147453308,"14":35.878944397,"15":33.3375892639,"16":32.1098518372,"17":30.9382781982,"18":30.7250652313,"19":29.2336597443,"20":23.3110771179,"21":20.9032535553,"22":16.2051868439,"23":10.5441627502,"24":9.8023815155,"25":9.7448263168,"26":8.9147891998,"27":8.6781873703,"28":8.3969287872,"29":7.998404026,"30":7.5671448708,"31":5.0086598396,"32":2.9034702778},"scaled_importance":{"0":1.0,"1":0.9584125424,"2":0.7456469042,"3":0.561259791,"4":0.3541112846,"5":0.2993150394,"6":0.2463802917,"7":0.1992789265,"8":0.1752054807,"9":0.0963700563,"10":0.0795714594,"11":0.0558467089,"12":0.0547482752,"13":0.0535308155,"14":0.0487286962,"15":0.0452771755,"16":0.0436097339,"17":0.0420185707,"18":0.0417289972,"19":0.039703457,"20":0.0316597496,"21":0.0283895836,"22":0.0220089426,"23":0.0143204688,"24":0.0133130247,"25":0.0132348565,"26":0.0121075484,"27":0.0117862095,"28":0.0114042205,"29":0.0108629673,"30":0.0102772562,"31":0.0068024706,"32":0.0039433245},"percentage":{"0":0.1875871754,"1":0.1797859017,"2":0.1398737966,"3":0.1052851389,"4":0.0664267357,"5":0.0561476628,"6":0.046217783,"7":0.0373821709,"8":0.0328663012,"9":0.0180777867,"10":0.0149265853,"11":0.0104761264,"12":0.0102700743,"13":0.0100416945,"14":0.0091408785,"15":0.0084934175,"16":0.0081806268,"17":0.007882145,"18":0.0078278247,"19":0.0074478594,"20":0.005938963,"21":0.0053255218,"22":0.0041285954,"23":0.0026863363,"24":0.0024973527,"25":0.0024826894,"26":0.0022712208,"27":0.0022109418,"28":0.0021392855,"29":0.0020377534,"30":0.0019278815,"31":0.0012760562,"32":0.0007397171}}