{"Model_name":{"0":"GBM_grid_1_AutoML_20190426_065209_model_5","1":"GBM_grid_1_AutoML_20190426_065209_model_15","2":"GBM_grid_1_AutoML_20190426_065209_model_4","3":"GBM_grid_1_AutoML_20190426_065209_model_13","4":"GBM_grid_1_AutoML_20190426_065209_model_14","5":"GBM_grid_1_AutoML_20190426_065209_model_10","6":"GBM_5_AutoML_20190426_065209","7":"GBM_grid_1_AutoML_20190426_065209_model_7","8":"GBM_grid_1_AutoML_20190426_065209_model_9","9":"GBM_grid_1_AutoML_20190426_065209_model_2","10":"GBM_grid_1_AutoML_20190426_065209_model_6","11":"GBM_1_AutoML_20190426_065209","12":"GBM_2_AutoML_20190426_065209","13":"GBM_3_AutoML_20190426_065209","14":"GBM_grid_1_AutoML_20190426_065209_model_8","15":"GBM_4_AutoML_20190426_065209","16":"GBM_grid_1_AutoML_20190426_065209_model_11","17":"GBM_grid_1_AutoML_20190426_065209_model_3","18":"GBM_grid_1_AutoML_20190426_065209_model_1","19":"GBM_grid_1_AutoML_20190426_065209_model_12"},"Leaderboard_rank":{"0":1,"1":4,"2":5,"3":6,"4":7,"5":8,"6":9,"7":10,"8":12,"9":13,"10":14,"11":15,"12":16,"13":17,"14":19,"15":20,"16":22,"17":25,"18":27,"19":29},"learn_rate":{"0":0.05,"1":0.05,"2":0.1,"3":0.08,"4":0.01,"5":0.01,"6":0.1,"7":0.08,"8":0.005,"9":0.08,"10":0.001,"11":0.1,"12":0.1,"13":0.1,"14":0.08,"15":0.1,"16":0.8,"17":0.8,"18":0.5,"19":0.001},"learn_rate_annealing":{"0":1.0,"1":1.0,"2":1.0,"3":1.0,"4":1.0,"5":1.0,"6":1.0,"7":1.0,"8":1.0,"9":1.0,"10":1.0,"11":1.0,"12":1.0,"13":1.0,"14":1.0,"15":1.0,"16":1.0,"17":1.0,"18":1.0,"19":1.0},"max_abs_leafnode_pred":{"0":1.797693135e+308,"1":1.797693135e+308,"2":1.797693135e+308,"3":1.797693135e+308,"4":1.797693135e+308,"5":1.797693135e+308,"6":1.797693135e+308,"7":1.797693135e+308,"8":1.797693135e+308,"9":1.797693135e+308,"10":1.797693135e+308,"11":1.797693135e+308,"12":1.797693135e+308,"13":1.797693135e+308,"14":1.797693135e+308,"15":1.797693135e+308,"16":1.797693135e+308,"17":1.797693135e+308,"18":1.797693135e+308,"19":1.797693135e+308},"pred_noise_bandwidth":{"0":0.0,"1":0.0,"2":0.0,"3":0.0,"4":0.0,"5":0.0,"6":0.0,"7":0.0,"8":0.0,"9":0.0,"10":0.0,"11":0.0,"12":0.0,"13":0.0,"14":0.0,"15":0.0,"16":0.0,"17":0.0,"18":0.0,"19":0.0},"distribution":{"0":null,"1":null,"2":null,"3":null,"4":null,"5":null,"6":null,"7":null,"8":null,"9":null,"10":null,"11":null,"12":null,"13":null,"14":null,"15":null,"16":null,"17":null,"18":null,"19":null},"tweedie_power":{"0":1.5,"1":1.5,"2":1.5,"3":1.5,"4":1.5,"5":1.5,"6":1.5,"7":1.5,"8":1.5,"9":1.5,"10":1.5,"11":1.5,"12":1.5,"13":1.5,"14":1.5,"15":1.5,"16":1.5,"17":1.5,"18":1.5,"19":1.5},"quantile_alpha":{"0":0.5,"1":0.5,"2":0.5,"3":0.5,"4":0.5,"5":0.5,"6":0.5,"7":0.5,"8":0.5,"9":0.5,"10":0.5,"11":0.5,"12":0.5,"13":0.5,"14":0.5,"15":0.5,"16":0.5,"17":0.5,"18":0.5,"19":0.5},"huber_alpha":{"0":0.9,"1":0.9,"2":0.9,"3":0.9,"4":0.9,"5":0.9,"6":0.9,"7":0.9,"8":0.9,"9":0.9,"10":0.9,"11":0.9,"12":0.9,"13":0.9,"14":0.9,"15":0.9,"16":0.9,"17":0.9,"18":0.9,"19":0.9},"categorical_encoding":{"0":"AUTO","1":"AUTO","2":"AUTO","3":"AUTO","4":"AUTO","5":"AUTO","6":"AUTO","7":"AUTO","8":"AUTO","9":"AUTO","10":"AUTO","11":"AUTO","12":"AUTO","13":"AUTO","14":"AUTO","15":"AUTO","16":"AUTO","17":"AUTO","18":"AUTO","19":"AUTO"},"max_depth":{"0":14,"1":17,"2":3,"3":4,"4":6,"5":10,"6":15,"7":14,"8":4,"9":6,"10":7,"11":15,"12":15,"13":15,"14":14,"15":15,"16":5,"17":4,"18":11,"19":15},"sample_rate":{"0":0.6,"1":1.0,"2":0.8,"3":0.6,"4":0.9,"5":0.8,"6":0.8,"7":0.8,"8":0.5,"9":0.5,"10":0.6,"11":0.8,"12":0.8,"13":0.8,"14":0.7,"15":0.8,"16":1.0,"17":0.5,"18":0.5,"19":1.0},"col_sample_rate":{"0":0.4,"1":0.4,"2":0.7,"3":0.7,"4":0.4,"5":1.0,"6":0.8,"7":1.0,"8":1.0,"9":0.7,"10":1.0,"11":0.8,"12":0.8,"13":0.8,"14":1.0,"15":0.8,"16":0.7,"17":0.4,"18":0.7,"19":1.0},"ntrees":{"0":68,"1":66,"2":57,"3":54,"4":142,"5":146,"6":39,"7":49,"8":163,"9":47,"10":30,"11":39,"12":39,"13":39,"14":42,"15":39,"16":30,"17":30,"18":30,"19":30},"nfolds":{"0":null,"1":null,"2":null,"3":null,"4":null,"5":null,"6":null,"7":null,"8":null,"9":null,"10":null,"11":null,"12":null,"13":null,"14":null,"15":null,"16":null,"17":null,"18":null,"19":null},"Logloss":{"0":0.4117128613,"1":0.4125014377,"2":0.4122854892,"3":0.4133931794,"4":0.4310110378,"5":0.43239676,"6":0.4136634816,"7":0.4137878808,"8":0.4636704134,"9":0.4192546174,"10":0.5701837146,"11":0.4202544731,"12":0.4214712685,"13":0.4278750938,"14":0.4304108541,"15":0.4385912293,"16":0.4677947496,"17":0.4958024532,"18":0.7606981645,"19":0.5700095164},"balance_classes":{"0":0.0,"1":0.0,"2":0.0,"3":0.0,"4":0.0,"5":0.0,"6":0.0,"7":0.0,"8":0.0,"9":0.0,"10":0.0,"11":0.0,"12":0.0,"13":0.0,"14":0.0,"15":0.0,"16":0.0,"17":0.0,"18":0.0,"19":0.0},"class_sampling_factors":{"0":null,"1":null,"2":null,"3":null,"4":null,"5":null,"6":null,"7":null,"8":null,"9":null,"10":null,"11":null,"12":null,"13":null,"14":null,"15":null,"16":null,"17":null,"18":null,"19":null},"col_sample_rate_change_per_level":{"0":1.0,"1":1.0,"2":1.0,"3":1.0,"4":1.0,"5":1.0,"6":1.0,"7":1.0,"8":1.0,"9":1.0,"10":1.0,"11":1.0,"12":1.0,"13":1.0,"14":1.0,"15":1.0,"16":1.0,"17":1.0,"18":1.0,"19":1.0},"col_sample_rate_per_tree":{"0":0.7,"1":0.7,"2":0.4,"3":1.0,"4":0.7,"5":0.4,"6":0.8,"7":1.0,"8":0.7,"9":1.0,"10":0.7,"11":0.8,"12":0.8,"13":0.8,"14":0.7,"15":0.8,"16":0.4,"17":1.0,"18":1.0,"19":1.0},"histogram_type":{"0":"AUTO","1":"AUTO","2":"AUTO","3":"AUTO","4":"AUTO","5":"AUTO","6":"AUTO","7":"AUTO","8":"AUTO","9":"AUTO","10":"AUTO","11":"AUTO","12":"AUTO","13":"AUTO","14":"AUTO","15":"AUTO","16":"AUTO","17":"AUTO","18":"AUTO","19":"AUTO"},"max_after_balance_size":{"0":5.0,"1":5.0,"2":5.0,"3":5.0,"4":5.0,"5":5.0,"6":5.0,"7":5.0,"8":5.0,"9":5.0,"10":5.0,"11":5.0,"12":5.0,"13":5.0,"14":5.0,"15":5.0,"16":5.0,"17":5.0,"18":5.0,"19":5.0},"max_runtime_secs":{"0":0.0,"1":0.0,"2":0.0,"3":0.0,"4":0.0,"5":0.0,"6":0.0,"7":0.0,"8":0.0,"9":0.0,"10":0.0,"11":0.0,"12":0.0,"13":0.0,"14":0.0,"15":0.0,"16":0.0,"17":0.0,"18":0.0,"19":0.0},"min_rows":{"0":100.0,"1":100.0,"2":1.0,"3":30.0,"4":10.0,"5":30.0,"6":100.0,"7":100.0,"8":100.0,"9":10.0,"10":10.0,"11":100.0,"12":100.0,"13":100.0,"14":15.0,"15":100.0,"16":15.0,"17":10.0,"18":10.0,"19":5.0},"min_split_improvement":{"0":0.0001,"1":0.0001,"2":0.0001,"3":0.00001,"4":0.0001,"5":0.00001,"6":0.00001,"7":0.0001,"8":0.0001,"9":0.00001,"10":0.0001,"11":0.00001,"12":0.00001,"13":0.00001,"14":0.00001,"15":0.00001,"16":0.0001,"17":0.00001,"18":0.00001,"19":0.00001},"model_id":{"0":{"__meta":{"schema_version":3,"schema_name":"ModelKeyV3","schema_type":"Key<Model>"},"name":"GBM_grid_1_AutoML_20190426_065209_model_5","type":"Key<Model>","URL":"\/3\/Models\/GBM_grid_1_AutoML_20190426_065209_model_5"},"1":{"__meta":{"schema_version":3,"schema_name":"ModelKeyV3","schema_type":"Key<Model>"},"name":"GBM_grid_1_AutoML_20190426_065209_model_15","type":"Key<Model>","URL":"\/3\/Models\/GBM_grid_1_AutoML_20190426_065209_model_15"},"2":{"__meta":{"schema_version":3,"schema_name":"ModelKeyV3","schema_type":"Key<Model>"},"name":"GBM_grid_1_AutoML_20190426_065209_model_4","type":"Key<Model>","URL":"\/3\/Models\/GBM_grid_1_AutoML_20190426_065209_model_4"},"3":{"__meta":{"schema_version":3,"schema_name":"ModelKeyV3","schema_type":"Key<Model>"},"name":"GBM_grid_1_AutoML_20190426_065209_model_13","type":"Key<Model>","URL":"\/3\/Models\/GBM_grid_1_AutoML_20190426_065209_model_13"},"4":{"__meta":{"schema_version":3,"schema_name":"ModelKeyV3","schema_type":"Key<Model>"},"name":"GBM_grid_1_AutoML_20190426_065209_model_14","type":"Key<Model>","URL":"\/3\/Models\/GBM_grid_1_AutoML_20190426_065209_model_14"},"5":{"__meta":{"schema_version":3,"schema_name":"ModelKeyV3","schema_type":"Key<Model>"},"name":"GBM_grid_1_AutoML_20190426_065209_model_10","type":"Key<Model>","URL":"\/3\/Models\/GBM_grid_1_AutoML_20190426_065209_model_10"},"6":{"__meta":{"schema_version":3,"schema_name":"ModelKeyV3","schema_type":"Key<Model>"},"name":"GBM_5_AutoML_20190426_065209","type":"Key<Model>","URL":"\/3\/Models\/GBM_5_AutoML_20190426_065209"},"7":{"__meta":{"schema_version":3,"schema_name":"ModelKeyV3","schema_type":"Key<Model>"},