{"Model_name":{"0":"GLM_grid_1_AutoML_20190425_222739_model_1","1":"GLM_grid_1_AutoML_20190425_220429_model_1","2":"GLM_grid_1_AutoML_20190425_215122_model_1","3":"GLM_grid_1_AutoML_20190425_214354_model_1"},"Leaderboard_rank":{"0":50,"1":51,"2":52,"3":53},"nfolds":{"0":null,"1":null,"2":null,"3":null},"seed":{"0":-8267192344226780666,"1":-7010199291634378427,"2":-4968315912264525971,"3":1104632727204354562},"tweedie_variance_power":{"0":0.0,"1":0.0,"2":0.0,"3":0.0},"tweedie_link_power":{"0":1.0,"1":1.0,"2":1.0,"3":1.0},"alpha":{"0":[0.0,0.2,0.4,0.6,0.8,1.0],"1":[0.0,0.2,0.4,0.6,0.8,1.0],"2":[0.0,0.2,0.4,0.6,0.8,1.0],"3":[0.0,0.2,0.4,0.6,0.8,1.0]},"lambda":{"0":[22.830783369,14.1783032688,8.8049665372,5.4680333924,3.3957413755,2.1088129245,1.3096085534,0.8132890989,0.5050663091,0.3136547347,0.1947849042,0.1209647255,0.0751211439,0.0466515031,0.0289713738,0.0179917139,0.0111731592,0.0069387211,0.0043090634,0.0026760014,0.0016618422,0.0010320322,0.0006409095,0.0003980156,0.0002471744,0.0001534995,0.0000953258,0.0000591989,0.0000367635,0.0000228308],"1":[22.830783369,14.1783032688,8.8049665372,5.4680333924,3.3957413755,2.1088129245,1.3096085534,0.8132890989,0.5050663091,0.3136547347,0.1947849042,0.1209647255,0.0751211439,0.0466515031,0.0289713738,0.0179917139,0.0111731592,0.0069387211,0.0043090634,0.0026760014,0.0016618422,0.0010320322,0.0006409095,0.0003980156,0.0002471744,0.0001534995,0.0000953258,0.0000591989,0.0000367635,0.0000228308],"2":[22.830783369,14.1783032688,8.8049665372,5.4680333924,3.3957413755,2.1088129245,1.3096085534,0.8132890989,0.5050663091,0.3136547347,0.1947849042,0.1209647255,0.0751211439,0.0466515031,0.0289713738,0.0179917139,0.0111731592,0.0069387211,0.0043090634,0.0026760014,0.0016618422,0.0010320322,0.0006409095,0.0003980156,0.0002471744,0.0001534995,0.0000953258,0.0000591989,0.0000367635,0.0000228308],"3":[22.830783369,14.1783032688,8.8049665372,5.4680333924,3.3957413755,2.1088129245,1.3096085534,0.8132890989,0.5050663091,0.3136547347,0.1947849042,0.1209647255,0.0751211439,0.0466515031,0.0289713738,0.0179917139,0.0111731592,0.0069387211,0.0043090634,0.0026760014,0.0016618422,0.0010320322,0.0006409095,0.0003980156,0.0002471744,0.0001534995,0.0000953258,0.0000591989,0.0000367635,0.0000228308]},"missing_values_handling":{"0":"MeanImputation","1":"MeanImputation","2":"MeanImputation","3":"MeanImputation"},"standardize":{"0":true,"1":true,"2":true,"3":true},"Logloss":{"0":0.0737488428,"1":0.0737488428,"2":0.0737488428,"3":0.0737488428},"balance_classes":{"0":0.0,"1":0.0,"2":0.0,"3":0.0},"max_after_balance_size":{"0":5.0,"1":5.0,"2":5.0,"3":5.0},"max_iterations":{"0":300.0,"1":300.0,"2":300.0,"3":300.0},"max_runtime_secs":{"0":19.1666666667,"1":14.3333333333,"2":11.1666666667,"3":4.6666666667},"model_id":{"0":{"__meta":{"schema_version":3,"schema_name":"ModelKeyV3","schema_type":"Key<Model>"},"name":"GLM_grid_1_AutoML_20190425_222739_model_1","type":"Key<Model>","URL":"\/3\/Models\/GLM_grid_1_AutoML_20190425_222739_model_1"},"1":{"__meta":{"schema_version":3,"schema_name":"ModelKeyV3","schema_type":"Key<Model>"},"name":"GLM_grid_1_AutoML_20190425_220429_model_1","type":"Key<Model>","URL":"\/3\/Models\/GLM_grid_1_AutoML_20190425_220429_model_1"},"2":{"__meta":{"schema_version":3,"schema_name":"ModelKeyV3","schema_type":"Key<Model>"},"name":"GLM_grid_1_AutoML_20190425_215122_model_1","type":"Key<Model>","URL":"\/3\/Models\/GLM_grid_1_AutoML_20190425_215122_model_1"},"3":{"__meta":{"schema_version":3,"schema_name":"ModelKeyV3","schema_type":"Key<Model>"},"name":"GLM_grid_1_AutoML_20190425_214354_model_1","type":"Key<Model>","URL":"\/3\/Models\/GLM_grid_1_AutoML_20190425_214354_model_1"}}}