{"Variable":{"0":"Excess kurtosis of the integrated profile","1":"Mean of the integrated profile","2":"Skewness of the integrated profile","3":"Mean of the DM-SNR curve","4":"Standard deviation of the DM-SNR curve","5":"Standard deviation of the integrated profile","6":"Skewness of the DM-SNR curve","7":"Excess kurtosis of the DM-SNR curve"},"relative_importance":{"0":2740.9025878906,"1":1965.3840332031,"2":464.3750610352,"3":443.7727050781,"4":364.1522216797,"5":324.0658874512,"6":209.1415100098,"7":172.8653106689},"scaled_importance":{"0":1.0,"1":0.7170572358,"2":0.169424139,"3":0.1619075071,"4":0.1328585055,"5":0.1182332743,"6":0.0763038829,"7":0.0630687539},"percentage":{"0":0.4100287626,"1":0.2940140911,"2":0.0694687701,"3":0.0663867348,"4":0.0544758086,"5":0.0484790431,"6":0.0312867867,"7":0.0258600031}}