{"model_id":{"0":"StackedEnsemble_BestOfFamily_AutoML_20190426_062331","1":"StackedEnsemble_AllModels_AutoML_20190426_062331","2":"GBM_5_AutoML_20190426_062331","3":"GBM_grid_1_AutoML_20190426_062331_model_3","4":"GBM_grid_1_AutoML_20190426_062331_model_4","5":"GBM_grid_1_AutoML_20190426_062331_model_17","6":"GLM_grid_1_AutoML_20190426_062331_model_1","7":"GBM_grid_1_AutoML_20190426_062331_model_6","8":"GBM_grid_1_AutoML_20190426_062331_model_13","9":"GBM_grid_1_AutoML_20190426_062331_model_8","10":"GBM_1_AutoML_20190426_062331","11":"GBM_2_AutoML_20190426_062331","12":"GBM_grid_1_AutoML_20190426_062331_model_5","13":"GBM_grid_1_AutoML_20190426_062331_model_15","14":"GBM_3_AutoML_20190426_062331","15":"DeepLearning_grid_1_AutoML_20190426_062331_model_2","16":"GBM_grid_1_AutoML_20190426_062331_model_11","17":"GBM_4_AutoML_20190426_062331","18":"GBM_grid_1_AutoML_20190426_062331_model_12","19":"DeepLearning_1_AutoML_20190426_062331","20":"GBM_grid_1_AutoML_20190426_062331_model_7","21":"DeepLearning_grid_1_AutoML_20190426_062331_model_1","22":"GBM_grid_1_AutoML_20190426_062331_model_9","23":"DRF_1_AutoML_20190426_062331","24":"GBM_grid_1_AutoML_20190426_062331_model_2","25":"GBM_grid_1_AutoML_20190426_062331_model_1","26":"XRT_1_AutoML_20190426_062331","27":"GBM_grid_1_AutoML_20190426_062331_model_10","28":"GBM_grid_1_AutoML_20190426_062331_model_14","29":"GBM_grid_1_AutoML_20190426_062331_model_16"},"auc":{"0":0.8497736238,"1":0.8490754636,"2":0.848753742,"3":0.8486618215,"4":0.8468968865,"5":0.8467873488,"6":0.846018616,"7":0.845462948,"8":0.8446985159,"9":0.8424930985,"10":0.8413830578,"11":0.8413517095,"12":0.8403411026,"13":0.8390858754,"14":0.8372656015,"15":0.8367028866,"16":0.8357522819,"17":0.8334404875,"18":0.8314347147,"19":0.8298865233,"20":0.8267549062,"21":0.8253126254,"22":0.8196024684,"23":0.819312095,"24":0.8175043605,"25":0.8170194205,"26":0.8165486779,"27":0.8155591598,"28":0.7882023042,"29":0.7487885826},"logloss":{"0":0.4193414939,"1":0.4188404669,"2":0.4121642987,"3":0.4133892372,"4":0.4327271415,"5":0.4794086045,"6":0.415778461,"7":0.4439039443,"8":0.4172083427,"9":0.419824759,"10":0.4204863531,"11":0.4216682328,"12":0.4363526939,"13":0.570705896,"14":0.4277774745,"15":0.443361433,"16":0.5700034488,"17":0.4356556234,"18":0.5700230714,"19":0.4394818107,"20":0.4589528134,"21":0.5340827034,"22":0.4620289772,"23":0.5652750029,"24":0.4989536546,"25":0.4682453591,"26":0.6060453083,"27":0.4604158141,"28":0.7225137716,"29":2.7938802768},"mean_per_class_error":{"0":0.2429307,"1":0.2341237457,"2":0.2325657094,"3":0.2354453484,"4":0.2381313016,"5":0.2297684568,"6":0.2350242449,"7":0.2331553165,"8":0.2294441962,"9":0.239443733,"10":0.2373222046,"11":0.2408407271,"12":0.2398653028,"13":0.2377695785,"14":0.2383863886,"15":0.241080425,"16":0.2421119653,"17":0.2445089442,"18":0.2457689903,"19":0.2531815931,"20":0.2469070112,"21":0.248880244,"22":0.2524495974,"23":0.2525469066,"24":0.2573837675,"25":0.2594902176,"26":0.2595143118,"27":0.2584350495,"28":0.2851921423,"29":0.2895960857},"rmse":{"0":0.3672950227,"1":0.3673469409,"2":0.3660004705,"3":0.3660807283,"4":0.3727040527,"5":0.3941879294,"6":0.3673612136,"7":0.378099203,"8":0.3685497992,"9":0.3697109583,"10":0.3701470596,"11":0.3708229177,"12":0.3749425082,"13":0.4380401307,"14":0.3737070204,"15":0.3746957875,"16":0.4377201921,"17":0.3774279362,"18":0.4377276659,"19":0.3780150369,"20":0.385836034,"21":0.4001237817,"22":0.3841808417,"23":0.3838806716,"24":0.3968272401,"25":0.3895331637,"26":0.3854665968,"27":0.3870803448,"28":0.431966372,"29":0.4767768308},"mse":{"0":0.1349056337,"1":0.134943775,"2":0.1339563444,"3":0.1340150996,"4":0.1389083109,"5":0.1553841237,"6":0.1349542613,"7":0.1429590073,"8":0.1358289545,"9":0.1366861927,"10":0.1370088457,"11":0.1375096363,"12":0.1405818845,"13":0.1918791561,"14":0.1396569371,"15":0.1403969332,"16":0.1915989666,"17":0.142451847,"18":0.1916055095,"19":0.1428953681,"20":0.1488694451,"21":0.1600990406,"22":0.1475949191,"23":0.1473643701,"24":0.1574718585,"25":0.1517360856,"26":0.1485844973,"27":0.1498311933,"28":0.1865949466,"29":0.2273161464}}