{"Variable":{"0":"Contract_Month-to-month","1":"tenure","2":"InternetService_Fiber optic","3":"MonthlyCharges","4":"tenure_group_Tenure_0-12","5":"TotalCharges","6":"PaymentMethod_Electronic check","7":"InternetService_No","8":"PaperlessBilling","9":"OnlineSecurity","10":"gender","11":"MultipleLines_No","12":"TechSupport","13":"Contract_Two year","14":"SeniorCitizen","15":"InternetService_DSL","16":"StreamingMovies","17":"OnlineBackup","18":"StreamingTV","19":"Contract_One year","20":"MultipleLines_No phone service","21":"DeviceProtection","22":"Dependents","23":"Partner","24":"PhoneService","25":"MultipleLines_Yes","26":"PaymentMethod_Mailed check","27":"tenure_group_Tenure_24-48","28":"PaymentMethod_Credit card (automatic)","29":"tenure_group_Tenure_12-24","30":"PaymentMethod_Bank transfer (automatic)","31":"tenure_group_Tenure_48-60","32":"tenure_group_Tenure_gt_60"},"relative_importance":{"0":760.0582885742,"1":421.0669250488,"2":259.032623291,"3":254.0010375977,"4":215.1212463379,"5":140.3443908691,"6":91.6896514893,"7":49.8259506226,"8":43.8244171143,"9":36.5367279053,"10":34.6955833435,"11":34.2414932251,"12":28.0319232941,"13":25.1919727325,"14":23.7344493866,"15":18.5909347534,"16":18.1807060242,"17":16.6912746429,"18":15.5527143478,"19":14.9315099716,"20":12.668507576,"21":9.7568311691,"22":9.6272859573,"23":9.3727607727,"24":7.1178245544,"25":6.9280638695,"26":5.6747550964,"27":3.3055491447,"28":3.0538322926,"29":1.9696429968,"30":1.7552113533,"31":0.5207714438,"32":0.1102270037},"scaled_importance":{"0":1.0,"1":0.5539929389,"2":0.3408062608,"3":0.334186261,"4":0.2830325642,"5":0.1846495104,"6":0.1206350261,"7":0.0655554335,"8":0.0576592845,"9":0.0480709552,"10":0.0456485823,"11":0.0450511411,"12":0.036881281,"13":0.0331447905,"14":0.0312271437,"15":0.0244598803,"16":0.023920147,"17":0.0219605192,"18":0.0204625284,"19":0.0196452169,"20":0.0166678106,"21":0.0128369512,"22":0.0126665101,"23":0.0123316342,"24":0.0093648404,"25":0.0091151744,"26":0.0074662104,"27":0.0043490732,"28":0.0040178922,"29":0.0025914368,"30":0.0023093115,"31":0.000685173,"32":0.0001450244},"percentage":{"0":0.2953741594,"1":0.1636351986,"2":0.1006653628,"3":0.0987099859,"4":0.0836005057,"5":0.0545406939,"6":0.0356324694,"7":0.0193633811,"8":0.0170310627,"9":0.014198918,"10":0.0134834116,"11":0.0133069429,"12":0.0108937774,"13":0.0097901146,"14":0.0092236913,"15":0.0072248166,"16":0.0070653933,"17":0.0064865699,"18":0.0060441021,"19":0.0058026894,"20":0.0049232405,"21":0.0037917037,"22":0.0037413598,"23":0.0036424461,"24":0.0027661319,"25":0.002692387,"26":0.0022053256,"27":0.0012846038,"28":0.0011867815,"29":0.0007654435,"30":0.0006821109,"31":0.0002023824,"32":0.0000428365}}