{"Variable":{"0":"Excess kurtosis of the integrated profile","1":"Skewness of the integrated profile","2":"Mean of the integrated profile","3":"Standard deviation of the DM-SNR curve","4":"Standard deviation of the integrated profile","5":"Mean of the DM-SNR curve","6":"Excess kurtosis of the DM-SNR curve","7":"Skewness of the DM-SNR curve"},"relative_importance":{"0":35340.20703125,"1":15381.349609375,"2":7278.9067382812,"3":1643.4722900391,"4":1183.1115722656,"5":827.466003418,"6":657.4213867188,"7":394.3010253906},"scaled_importance":{"0":1.0,"1":0.435236545,"2":0.205966726,"3":0.0465043198,"4":0.0334777771,"5":0.0234142942,"6":0.0186026467,"7":0.0111572925},"percentage":{"0":0.5635836159,"1":0.2452921858,"2":0.1160794722,"3":0.0262090727,"4":0.0188675266,"5":0.0131959126,"6":0.0104841469,"7":0.0062880672}}