{"Model_name":{"0":"GBM_grid_1_AutoML_20190426_063444_model_23","1":"GBM_grid_1_AutoML_20190426_063444_model_18","2":"GBM_grid_1_AutoML_20190426_063444_model_1","3":"GBM_grid_1_AutoML_20190426_063444_model_20","4":"GBM_grid_1_AutoML_20190426_063444_model_24","5":"GBM_grid_1_AutoML_20190426_063444_model_8","6":"GBM_grid_1_AutoML_20190426_063444_model_14","7":"GBM_5_AutoML_20190426_063444","8":"GBM_grid_1_AutoML_20190426_063444_model_25","9":"GBM_grid_1_AutoML_20190426_063444_model_28","10":"GBM_grid_1_AutoML_20190426_063444_model_26","11":"GBM_grid_1_AutoML_20190426_063444_model_30","12":"GBM_2_AutoML_20190426_063444","13":"GBM_grid_1_AutoML_20190426_063444_model_12","14":"GBM_1_AutoML_20190426_063444","15":"GBM_grid_1_AutoML_20190426_063444_model_13","16":"GBM_grid_1_AutoML_20190426_063444_model_21","17":"GBM_grid_1_AutoML_20190426_063444_model_27","18":"GBM_grid_1_AutoML_20190426_063444_model_6","19":"GBM_grid_1_AutoML_20190426_063444_model_19","20":"GBM_3_AutoML_20190426_063444","21":"GBM_grid_1_AutoML_20190426_063444_model_9","22":"GBM_grid_1_AutoML_20190426_063444_model_5","23":"GBM_grid_1_AutoML_20190426_063444_model_3","24":"GBM_4_AutoML_20190426_063444"},"Leaderboard_rank":{"0":2,"1":4,"2":5,"3":6,"4":7,"5":8,"6":9,"7":10,"8":11,"9":12,"10":14,"11":15,"12":16,"13":17,"14":18,"15":20,"16":21,"17":22,"18":23,"19":24,"20":25,"21":26,"22":27,"23":28,"24":30},"learn_rate":{"0":0.1,"1":0.1,"2":0.008,"3":0.1,"4":0.01,"5":0.08,"6":0.005,"7":0.1,"8":0.005,"9":0.008,"10":0.008,"11":0.005,"12":0.1,"13":0.005,"14":0.1,"15":0.001,"16":0.05,"17":0.001,"18":0.5,"19":0.5,"20":0.1,"21":0.05,"22":0.08,"23":0.01,"24":0.1},"learn_rate_annealing":{"0":1.0,"1":1.0,"2":1.0,"3":1.0,"4":1.0,"5":1.0,"6":1.0,"7":1.0,"8":1.0,"9":1.0,"10":1.0,"11":1.0,"12":1.0,"13":1.0,"14":1.0,"15":1.0,"16":1.0,"17":1.0,"18":1.0,"19":1.0,"20":1.0,"21":1.0,"22":1.0,"23":1.0,"24":1.0},"max_abs_leafnode_pred":{"0":1.797693135e+308,"1":1.797693135e+308,"2":1.797693135e+308,"3":1.797693135e+308,"4":1.797693135e+308,"5":1.797693135e+308,"6":1.797693135e+308,"7":1.797693135e+308,"8":1.797693135e+308,"9":1.797693135e+308,"10":1.797693135e+308,"11":1.797693135e+308,"12":1.797693135e+308,"13":1.797693135e+308,"14":1.797693135e+308,"15":1.797693135e+308,"16":1.797693135e+308,"17":1.797693135e+308,"18":1.797693135e+308,"19":1.797693135e+308,"20":1.797693135e+308,"21":1.797693135e+308,"22":1.797693135e+308,"23":1.797693135e+308,"24":1.797693135e+308},"pred_noise_bandwidth":{"0":0.0,"1":0.0,"2":0.0,"3":0.0,"4":0.0,"5":0.0,"6":0.0,"7":0.0,"8":0.0,"9":0.0,"10":0.0,"11":0.0,"12":0.0,"13":0.0,"14":0.0,"15":0.0,"16":0.0,"17":0.0,"18":0.0,"19":0.0,"20":0.0,"21":0.0,"22":0.0,"23":0.0,"24":0.0},"distribution":{"0":null,"1":null,"2":null,"3":null,"4":null,"5":null,"6":null,"7":null,"8":null,"9":null,"10":null,"11":null,"12":null,"13":null,"14":null,"15":null,"16":null,"17":null,"18":null,"19":null,"20":null,"21":null,"22":null,"23":null,"24":null},"tweedie_power":{"0":1.5,"1":1.5,"2":1.5,"3":1.5,"4":1.5,"5":1.5,"6":1.5,"7":1.5,"8":1.5,"9":1.5,"10":1.5,"11":1.5,"12":1.5,"13":1.5,"14":1.5,"15":1.5,"16":1.5,"17":1.5,"18":1.5,"19":1.5,"20":1.5,"21":1.5,"22":1.5,"23":1.5,"24":1.5},"quantile_alpha":{"0":0.5,"1":0.5,"2":0.5,"3":0.5,"4":0.5,"5":0.5,"6":0.5,"7":0.5,"8":0.5,"9":0.5,"10":0.5,"11":0.5,"12":0.5,"13":0.5,"14":0.5,"15":0.5,"16":0.5,"17":0.5,"18":0.5,"19":0.5,"20":0.5,"21":0.5,"22":0.5,"23":0.5,"24":0.5},"huber_alpha":{"0":0.9,"1":0.9,"2":0.9,"3":0.9,"4":0.9,"5":0.9,"6":0.9,"7":0.9,"8":0.9,"9":0.9,"10":0.9,"11":0.9,"12":0.9,"13":0.9,"14":0.9,"15":0.9,"16":0.9,"17":0.9,"18":0.9,"19":0.9,"20":0.9,"21":0.9,"22":0.9,"23":0.9,"24":0.9},"categorical_encoding":{"0":"AUTO","1":"AUTO","2":"AUTO","3":"AUTO","4":"AUTO","5":"AUTO","6":"AUTO","7":"AUTO","8":"AUTO","9":"AUTO","10":"AUTO","11":"AUTO","12":"AUTO","13":"AUTO","14":"AUTO","15":"AUTO","16":"AUTO","17":"AUTO","18":"AUTO","19":"AUTO","20":"AUTO","21":"AUTO","22":"AUTO","23":"AUTO","24":"AUTO"},"max_depth":{"0":3,"1":3,"2":7,"3":3,"4":11,"5":6,"6":9,"7":15,"8":8,"9":15,"10":13,"11":9,"12":15,"13":16,"14":15,"15":16,"16":8,"17":16,"18":3,"19":3,"20":15,"21":12,"22":8,"23":14,"24":15},"sample_rate":{"0":0.8,"1":0.5,"2":0.7,"3":0.8,"4":0.5,"5":1.0,"6":0.9,"7":0.8,"8":0.9,"9":0.9,"10":1.0,"11":0.7,"12":0.8,"13":0.9,"14":0.8,"15":0.9,"16":0.7,"17":0.6,"18":0.7,"19":0.5,"20":0.8,"21":0.9,"22":1.0,"23":0.9,"24":0.8},"col_sample_rate":{"0":1.0,"1":1.0,"2":1.0,"3":1.0,"4":0.7,"5":0.7,"6":1.0,"7":0.8,"8":1.0,"9":1.0,"10":0.4,"11":0.7,"12":0.8,"13":1.0,"14":0.8,"15":0.4,"16":0.7,"17":1.0,"18":1.0,"19":1.0,"20":0.8,"21":1.0,"22":0.7,"23":0.7,"24":0.8},"ntrees":{"0":54,"1":56,"2":160,"3":52,"4":139,"5":51,"6":173,"7":36,"8":171,"9":153,"10":155,"11":100,"12":36,"13":162,"14":36,"15":30,"16":57,"17":30,"18":30,"19":30,"20":36,"21":52,"22":43,"23":125,"24":36},"nfolds":{"0":null,"1":null,"2":null,"3":null,"4":null,"5":null,"6":null,"7":null,"8":null,"9":null,"10":null,"11":null,"12":null,"13":null,"14":null,"15":null,"16":null,"17":null,"18":null,"19":null,"20":null,"21":null,"22":null,"23":null,"24":null},"Logloss":{"0":0.4118804081,"1":0.4121831792,"2":0.4401017923,"3":0.4134756802,"4":0.430408616,"5":0.4132583416,"6":0.4571352691,"7":0.4134261657,"8":0.4579519403,"9":0.4365481883,"10":0.4395466295,"11":0.4832378059,"12":0.4204792143,"13":0.4563748509,"14":0.4201107088,"15":0.5700969473,"16":0.4221226902,"17":0.5700278559,"18":0.4267935241,"19":0.4268929616,"20":0.4285366205,"21":0.4290567,"22":0.4287280129,"23":0.441855196,"24":0.4387594049},"balance_classes":{"0":0.0,"1":0.0,"2":0.0,"3":0.0,"4":0.0,"5":0.0,"6":0.0,"7":0.0,"8":0.0,"9":0.0,"10":0.0,"11":0.0,"12":0.0,"13":0.0,"14":0.0,"15":0.0,"16":0.0,"17":0.0,"18":0.0,"19":0.0,"20":0.0,"21":0.0,"22":0.0,"23":0.0,"24":0.0},"class_sampling_factors":{"0":null,"1":null,"2":null,"3":null,"4":null,"5":null,"6":null,"7":null,"8":null,"9":null,"10":null,"11":null,"12":null,"13":null,"14":null,"15":null,"16":null,"17":null,"18":null,"19":null,"20":null,"21":null,"22":null,"23":null,"24":null},"col_sample_rate_change_per_level":{"0":1.0,"1":1.0,"2":1.0,"3":1.0,"4":1.0,"5":1.0,"6":1.0,"7":1.0,"8":1.0,"9":1.0,"10":1.0,"11":1.0,"12":1.0,"13":1.0,"14":1.0,"15":1.0,"16":1.0,"17":1.0,"18":1.0,"19":1.0,"20":1.0,"21":1.0,"22":1.0,"23":1.0,"24":1.0},"col_sample_rate_per_tree":{"0":1.0,"1":0.4,"2":0.4,"3":0.7,"4":0.7,"5":0.7,"6":0.4,"7":0.8,"8":0.4,"9":1.0,"10":0.4,"11":0.7,"12":0.8,"13":0.7,"14":0.8,"15":0.7,"16":0.7,"17":0.7,"18":0.7,"19":0.4,"20":0.8,"21":0.7,"22":1.0,"23":0.7,"24":0.8},"histogram_type":{"0":"AUTO","1":"AUTO","2":"AUTO","3":"AUTO","4":"AUTO","5":"AUTO","6":"AUTO","7":"AUTO","8":"AUTO","9":"AUTO","10":"AUTO","11":"AUTO","12":"AUTO","13":"AUTO","14":"AUTO","15":"AUTO","16":"AUTO","17":"AUTO","18":"AUTO","19":"AUTO","20":"AUTO","21":"AUTO","22":"AUTO","23":"AUTO","24":"AUTO"},"max_after_balance_size":{"0":5.0,"1":5.0,"2":5.0,"3":5.0,"4":5.0,"5":5.0,"6":5.0,"7":5.0,"8":5.0,"9":5.0,"10":5.0,"11":5.0,"12":5.0,"13":5.0,"14":5.0,"15":5.0,"16":5.0,"17":5.0,"18":5.0,"19":5.0,"20":5.0,"21":5.0,"22":5.0,"23":5.0,"24":5.0},"max_runtime_secs":{"0":0.0,"1":0.0,"2":0.0,"3":0.0,"4":0.0,"5":0.0,"6":0.0,"7":0.0,"8":0.0,"9":0.0,"10":0.0,"11":0.0,"12":0.0,"13":0.0,"14":0.0,"15":0.0,"16":0.0,"17":0.0,"18":0.0,"19":0.0,"20":0.0,"21":0.0,"22":0.0,"23":0.0,"24":0.0},"min_rows":{"0":15.0,"1":100.0,"2":100.0,"3":1.0,"4":30.0,"5":30.0,"6":30.0,"7":100.0,"8":10.0,"9":100.0,"10":15.0,"11":15.0,"12":100.0,"13":15.0,"14":100.0,"15":15.0,"16":5.0,"17":10.0,"18":10.0,"19":10.0,"20":100.0,"21":10.0,"22":5.0,"23":5.0,"24":100.0},"min_split_improvement":{"0":0.0001,"1":0.0001,"2":0.0001,"3":0.0001,"4":0.0001,"5":0.0001,"6":0.0001,"7":0.00001,"8":0.00001,"9":0.00001,"10":0.0001,"11":0.00001,"12":0.00001,"13":0.00001,"14":0.00001,"15":0.0001,"16":0.00001,"17":0.00001,"18":0.00001,"19":0.00001,"20":0.00001,"21":0.0001,"22":0.0001,"23":0.0001,"24":0.00001},"model_id":{"0":{"__meta":{"schema_version":3,"schema_name":"ModelKeyV3","schema_type":"Key<Model>"},