{"Variable":{"0":"Contract_Month-to-month","1":"tenure","2":"InternetService_Fiber optic","3":"PaymentMethod_Electronic check","4":"MonthlyCharges","5":"TotalCharges","6":"InternetService_No","7":"PaperlessBilling","8":"OnlineSecurity","9":"MultipleLines_No","10":"Contract_One year","11":"TechSupport","12":"StreamingMovies","13":"SeniorCitizen","14":"PhoneService","15":"StreamingTV","16":"Contract_Two year","17":"MultipleLines_Yes","18":"InternetService_DSL","19":"OnlineBackup","20":"gender","21":"Dependents","22":"PaymentMethod_Mailed check","23":"PaymentMethod_Bank transfer (automatic)","24":"Partner","25":"DeviceProtection","26":"MultipleLines_No phone service","27":"PaymentMethod_Credit card (automatic)","28":"tenure_group_Tenure_0-12","29":"tenure_group_Tenure_12-24","30":"tenure_group_Tenure_24-48","31":"tenure_group_Tenure_48-60","32":"tenure_group_Tenure_gt_60"},"relative_importance":{"0":1098.1556396484,"1":391.0497131348,"2":235.4895782471,"3":118.8250350952,"4":94.8682937622,"5":81.1092681885,"6":47.051815033,"7":42.9795188904,"8":27.9757652283,"9":27.297870636,"10":26.2595176697,"11":18.4579467773,"12":17.9334812164,"13":17.2991981506,"14":14.7539300919,"15":12.0113925934,"16":7.6479754448,"17":3.5646014214,"18":3.4812030792,"19":3.2726020813,"20":3.0453345776,"21":1.4524511099,"22":0.7467350364,"23":0.6759123802,"24":0.0,"25":0.0,"26":0.0,"27":0.0,"28":0.0,"29":0.0,"30":0.0,"31":0.0,"32":0.0},"scaled_importance":{"0":1.0,"1":0.3560968036,"2":0.2144409861,"3":0.1082041842,"4":0.0863887507,"5":0.073859538,"6":0.0428462172,"7":0.0391379121,"8":0.0254752279,"9":0.0248579251,"10":0.0239123825,"11":0.0168081337,"12":0.016330546,"13":0.0157529566,"14":0.0134351904,"15":0.0109377871,"16":0.0069643821,"17":0.0032459893,"18":0.0031700453,"19":0.0029800895,"20":0.0027731357,"21":0.0013226277,"22":0.0006799902,"23":0.0006154978,"24":0.0,"25":0.0,"26":0.0,"27":0.0,"28":0.0,"29":0.0,"30":0.0,"31":0.0,"32":0.0},"percentage":{"0":0.4784148092,"1":0.1703619844,"2":0.1025917434,"3":0.0517664841,"4":0.0413296577,"5":0.0353354968,"6":0.0204982648,"7":0.0187241567,"8":0.0121877263,"9":0.0118923995,"10":0.0114400379,"11":0.0080412601,"12":0.0078127751,"13":0.0075364477,"14":0.006427594,"15":0.0052327993,"16":0.0033318635,"17":0.0015529293,"18":0.0015165966,"19":0.0014257189,"20":0.0013267092,"21":0.0006327647,"22":0.0003253174,"23":0.0002944633,"24":0.0,"25":0.0,"26":0.0,"27":0.0,"28":0.0,"29":0.0,"30":0.0,"31":0.0,"32":0.0}}