{"Variable":{"0":"Excess kurtosis of the integrated profile","1":"Skewness of the integrated profile","2":"Mean of the integrated profile","3":"Standard deviation of the DM-SNR curve","4":"Standard deviation of the integrated profile","5":"Mean of the DM-SNR curve","6":"Excess kurtosis of the DM-SNR curve","7":"Skewness of the DM-SNR curve"},"relative_importance":{"0":3479.5529785156,"1":1429.5915527344,"2":534.6075439453,"3":135.7505187988,"4":69.6554489136,"5":54.289730072,"6":44.4369392395,"7":22.9495697021},"scaled_importance":{"0":1.0,"1":0.4108549465,"2":0.1536425935,"3":0.0390137813,"4":0.0200185051,"5":0.0156025014,"6":0.0127708759,"7":0.0065955512},"percentage":{"0":0.6029549297,"1":0.2477270153,"2":0.0926395592,"3":0.0235235517,"4":0.0120702563,"5":0.0094076051,"6":0.0077002626,"7":0.0039768201}}