{"Model_name":{"0":"DRF_1_AutoML_20190425_215122","1":"DRF_1_AutoML_20190425_214354","2":"XRT_1_AutoML_20190425_215122","3":"XRT_1_AutoML_20190425_214354"},"Leaderboard_rank":{"0":34,"1":35,"2":36,"3":37},"nfolds":{"0":null,"1":null,"2":null,"3":null},"seed":{"0":-3453920521181177692,"1":6804171370368111456,"2":-7520873107397842233,"3":6136854929498981131},"mtries":{"0":-1,"1":-1,"2":-1,"3":-1},"categorical_encoding":{"0":"AUTO","1":"AUTO","2":"AUTO","3":"AUTO"},"Logloss":{"0":0.1594201566,"1":0.2001585555,"2":0.1887285394,"3":0.1923951204},"balance_classes":{"0":0.0,"1":0.0,"2":0.0,"3":0.0},"class_sampling_factors":{"0":null,"1":null,"2":null,"3":null},"col_sample_rate_change_per_level":{"0":1.0,"1":1.0,"2":1.0,"3":1.0},"col_sample_rate_per_tree":{"0":1.0,"1":1.0,"2":1.0,"3":1.0},"histogram_type":{"0":"AUTO","1":"AUTO","2":"Random","3":"Random"},"max_after_balance_size":{"0":5.0,"1":5.0,"2":5.0,"3":5.0},"max_depth":{"0":20.0,"1":20.0,"2":20.0,"3":20.0},"max_runtime_secs":{"0":0.0,"1":0.0,"2":0.0,"3":0.0},"min_rows":{"0":1.0,"1":1.0,"2":1.0,"3":1.0},"min_split_improvement":{"0":0.00001,"1":0.00001,"2":0.00001,"3":0.00001},"model_id":{"0":{"__meta":{"schema_version":3,"schema_name":"ModelKeyV3","schema_type":"Key<Model>"},"name":"DRF_1_AutoML_20190425_215122","type":"Key<Model>","URL":"\/3\/Models\/DRF_1_AutoML_20190425_215122"},"1":{"__meta":{"schema_version":3,"schema_name":"ModelKeyV3","schema_type":"Key<Model>"},"name":"DRF_1_AutoML_20190425_214354","type":"Key<Model>","URL":"\/3\/Models\/DRF_1_AutoML_20190425_214354"},"2":{"__meta":{"schema_version":3,"schema_name":"ModelKeyV3","schema_type":"Key<Model>"},"name":"XRT_1_AutoML_20190425_215122","type":"Key<Model>","URL":"\/3\/Models\/XRT_1_AutoML_20190425_215122"},"3":{"__meta":{"schema_version":3,"schema_name":"ModelKeyV3","schema_type":"Key<Model>"},"name":"XRT_1_AutoML_20190425_214354","type":"Key<Model>","URL":"\/3\/Models\/XRT_1_AutoML_20190425_214354"}},"nbins":{"0":20.0,"1":20.0,"2":20.0,"3":20.0},"nbins_cats":{"0":1024.0,"1":1024.0,"2":1024.0,"3":1024.0},"nbins_top_level":{"0":1024.0,"1":1024.0,"2":1024.0,"3":1024.0},"ntrees":{"0":36.0,"1":30.0,"2":31.0,"3":26.0},"sample_rate":{"0":0.6320000291,"1":0.6320000291,"2":0.6320000291,"3":0.6320000291},"sample_rate_per_class":{"0":null,"1":null,"2":null,"3":null},"stopping_metric":{"0":"logloss","1":"AUTO","2":"logloss","3":"logloss"},"stopping_rounds":{"0":0.0,"1":0.0,"2":0.0,"3":0.0}}