{"Model_name":{"0":"GBM_grid_1_AutoML_20190425_215122_model_12","1":"GBM_5_AutoML_20190425_214354","2":"GBM_1_AutoML_20190425_215122","3":"GBM_2_AutoML_20190425_215122","4":"GBM_grid_1_AutoML_20190425_215122_model_11","5":"GBM_grid_1_AutoML_20190425_215122_model_3","6":"GBM_5_AutoML_20190425_215122","7":"GBM_grid_1_AutoML_20190425_214354_model_2","8":"GBM_1_AutoML_20190425_214354","9":"GBM_grid_1_AutoML_20190425_215122_model_13","10":"GBM_4_AutoML_20190425_214354","11":"GBM_grid_1_AutoML_20190425_215122_model_9","12":"GBM_3_AutoML_20190425_215122","13":"GBM_2_AutoML_20190425_214354","14":"GBM_grid_1_AutoML_20190425_215122_model_6","15":"GBM_3_AutoML_20190425_214354","16":"GBM_4_AutoML_20190425_215122","17":"GBM_grid_1_AutoML_20190425_214354_model_1","18":"GBM_grid_1_AutoML_20190425_215122_model_10","19":"GBM_grid_1_AutoML_20190425_215122_model_5","20":"GBM_grid_1_AutoML_20190425_215122_model_15","21":"GBM_grid_1_AutoML_20190425_215122_model_14","22":"GBM_grid_1_AutoML_20190425_215122_model_7","23":"GBM_grid_1_AutoML_20190425_215122_model_8","24":"GBM_grid_1_AutoML_20190425_215122_model_2","25":"GBM_grid_1_AutoML_20190425_215122_model_1","26":"GBM_grid_1_AutoML_20190425_214354_model_3","27":"GBM_grid_1_AutoML_20190425_215122_model_4"},"Leaderboard_rank":{"0":2,"1":3,"2":4,"3":6,"4":7,"5":8,"6":9,"7":10,"8":11,"9":12,"10":13,"11":14,"12":15,"13":16,"14":17,"15":18,"16":19,"17":20,"18":24,"19":26,"20":29,"21":31,"22":32,"23":40,"24":41,"25":42,"26":43,"27":44},"learn_rate":{"0":0.01,"1":0.1,"2":0.1,"3":0.1,"4":0.05,"5":0.01,"6":0.1,"7":0.05,"8":0.1,"9":0.01,"10":0.1,"11":0.05,"12":0.1,"13":0.1,"14":0.001,"15":0.1,"16":0.1,"17":0.001,"18":0.08,"19":0.008,"20":0.008,"21":0.5,"22":0.5,"23":0.5,"24":0.8,"25":0.8,"26":0.8,"27":0.8},"learn_rate_annealing":{"0":1.0,"1":1.0,"2":1.0,"3":1.0,"4":1.0,"5":1.0,"6":1.0,"7":1.0,"8":1.0,"9":1.0,"10":1.0,"11":1.0,"12":1.0,"13":1.0,"14":1.0,"15":1.0,"16":1.0,"17":1.0,"18":1.0,"19":1.0,"20":1.0,"21":1.0,"22":1.0,"23":1.0,"24":1.0,"25":1.0,"26":1.0,"27":1.0},"max_abs_leafnode_pred":{"0":1.797693135e+308,"1":1.797693135e+308,"2":1.797693135e+308,"3":1.797693135e+308,"4":1.797693135e+308,"5":1.797693135e+308,"6":1.797693135e+308,"7":1.797693135e+308,"8":1.797693135e+308,"9":1.797693135e+308,"10":1.797693135e+308,"11":1.797693135e+308,"12":1.797693135e+308,"13":1.797693135e+308,"14":1.797693135e+308,"15":1.797693135e+308,"16":1.797693135e+308,"17":1.797693135e+308,"18":1.797693135e+308,"19":1.797693135e+308,"20":1.797693135e+308,"21":1.797693135e+308,"22":1.797693135e+308,"23":1.797693135e+308,"24":1.797693135e+308,"25":1.797693135e+308,"26":1.797693135e+308,"27":1.797693135e+308},"pred_noise_bandwidth":{"0":0.0,"1":0.0,"2":0.0,"3":0.0,"4":0.0,"5":0.0,"6":0.0,"7":0.0,"8":0.0,"9":0.0,"10":0.0,"11":0.0,"12":0.0,"13":0.0,"14":0.0,"15":0.0,"16":0.0,"17":0.0,"18":0.0,"19":0.0,"20":0.0,"21":0.0,"22":0.0,"23":0.0,"24":0.0,"25":0.0,"26":0.0,"27":0.0},"distribution":{"0":null,"1":null,"2":null,"3":null,"4":null,"5":null,"6":null,"7":null,"8":null,"9":null,"10":null,"11":null,"12":null,"13":null,"14":null,"15":null,"16":null,"17":null,"18":null,"19":null,"20":null,"21":null,"22":null,"23":null,"24":null,"25":null,"26":null,"27":null},"tweedie_power":{"0":1.5,"1":1.5,"2":1.5,"3":1.5,"4":1.5,"5":1.5,"6":1.5,"7":1.5,"8":1.5,"9":1.5,"10":1.5,"11":1.5,"12":1.5,"13":1.5,"14":1.5,"15":1.5,"16":1.5,"17":1.5,"18":1.5,"19":1.5,"20":1.5,"21":1.5,"22":1.5,"23":1.5,"24":1.5,"25":1.5,"26":1.5,"27":1.5},"quantile_alpha":{"0":0.5,"1":0.5,"2":0.5,"3":0.5,"4":0.5,"5":0.5,"6":0.5,"7":0.5,"8":0.5,"9":0.5,"10":0.5,"11":0.5,"12":0.5,"13":0.5,"14":0.5,"15":0.5,"16":0.5,"17":0.5,"18":0.5,"19":0.5,"20":0.5,"21":0.5,"22":0.5,"23":0.5,"24":0.5,"25":0.5,"26":0.5,"27":0.5},"huber_alpha":{"0":0.9,"1":0.9,"2":0.9,"3":0.9,"4":0.9,"5":0.9,"6":0.9,"7":0.9,"8":0.9,"9":0.9,"10":0.9,"11":0.9,"12":0.9,"13":0.9,"14":0.9,"15":0.9,"16":0.9,"17":0.9,"18":0.9,"19":0.9,"20":0.9,"21":0.9,"22":0.9,"23":0.9,"24":0.9,"25":0.9,"26":0.9,"27":0.9},"categorical_encoding":{"0":"AUTO","1":"AUTO","2":"AUTO","3":"AUTO","4":"AUTO","5":"AUTO","6":"AUTO","7":"AUTO","8":"AUTO","9":"AUTO","10":"AUTO","11":"AUTO","12":"AUTO","13":"AUTO","14":"AUTO","15":"AUTO","16":"AUTO","17":"AUTO","18":"AUTO","19":"AUTO","20":"AUTO","21":"AUTO","22":"AUTO","23":"AUTO","24":"AUTO","25":"AUTO","26":"AUTO","27":"AUTO"},"max_depth":{"0":8,"1":15,"2":15,"3":15,"4":11,"5":17,"6":15,"7":14,"8":15,"9":16,"10":15,"11":10,"12":15,"13":15,"14":14,"15":15,"16":15,"17":17,"18":9,"19":11,"20":11,"21":10,"22":5,"23":6,"24":5,"25":7,"26":8,"27":14},"sample_rate":{"0":0.7,"1":0.8,"2":0.8,"3":0.8,"4":1.0,"5":0.7,"6":0.8,"7":0.6,"8":0.8,"9":0.6,"10":0.8,"11":1.0,"12":0.8,"13":0.8,"14":0.9,"15":0.8,"16":0.8,"17":0.8,"18":1.0,"19":1.0,"20":0.9,"21":0.7,"22":0.9,"23":0.5,"24":1.0,"25":0.8,"26":0.5,"27":1.0},"col_sample_rate":{"0":0.7,"1":0.8,"2":0.8,"3":0.8,"4":0.4,"5":0.7,"6":0.8,"7":0.4,"8":0.8,"9":0.4,"10":0.8,"11":0.7,"12":0.8,"13":0.8,"14":0.4,"15":0.8,"16":0.8,"17":0.4,"18":1.0,"19":1.0,"20":0.4,"21":0.7,"22":0.7,"23":1.0,"24":1.0,"25":0.4,"26":0.7,"27":0.4},"ntrees":{"0":319,"1":58,"2":56,"3":56,"4":109,"5":338,"6":56,"7":139,"8":58,"9":334,"10":58,"11":124,"12":56,"13":58,"14":1048,"15":58,"16":56,"17":1045,"18":62,"19":402,"20":202,"21":31,"22":33,"23":30,"24":34,"25":30,"26":15,"27":30},"nfolds":{"0":null,"1":null,"2":null,"3":null,"4":null,"5":null,"6":null,"7":null,"8":null,"9":null,"10":null,"11":null,"12":null,"13":null,"14":null,"15":null,"16":null,"17":null,"18":null,"19":null,"20":null,"21":null,"22":null,"23":null,"24":null,"25":null,"26":null,"27":null},"Logloss":{"0":0.0714076799,"1":0.069036661,"2":0.074784776,"3":0.0703194082,"4":0.0702473016,"5":0.0711101207,"6":0.0692035715,"7":0.071442755,"8":0.0763297019,"9":0.071651908,"10":0.0722623671,"11":0.0709703228,"12":0.0710381436,"13":0.0705098842,"14":0.113100971,"15":0.0711147183,"16":0.0718430998,"17":0.1148759893,"18":0.0768327155,"19":0.0760649538,"20":0.0986317365,"21":0.0842843845,"22":0.1083240557,"23":0.2655126262,"24":0.1882438413,"25":1.2892184559,"26":0.6739566305,"27":2.4339991498},"balance_classes":{"0":0.0,"1":0.0,"2":0.0,"3":0.0,"4":0.0,"5":0.0,"6":0.0,"7":0.0,"8":0.0,"9":0.0,"10":0.0,"11":0.0,"12":0.0,"13":0.0,"14":0.0,"15":0.0,"16":0.0,"17":0.0,"18":0.0,"19":0.0,"20":0.0,"21":0.0,"22":0.0,"23":0.0,"24":0.0,"25":0.0,"26":0.0,"27":0.0},"class_sampling_factors":{"0":null,"1":null,"2":null,"3":null,"4":null,"5":null,"6":null,"7":null,"8":null,"9":null,"10":null,"11":null,"12":null,"13":null,"14":null,"15":null,"16":null,"17":null,"18":null,"19":null,"20":null,"21":null,"22":null,"23":null,"24":null,"25":null,"26":null,"27":null},"col_sample_rate_change_per_level":{"0":1.0,"1":1.0,"2":1.0,"3":1.0,"4":1.0,"5":1.0,"6":1.0,"7":1.0,"8":1.0,"9":1.0,"10":1.0,"11":1.0,"12":1.0,"13":1.0,"14":1.0,"15":1.0,"16":1.0,"17":1.0,"18":1.0,"19":1.0,"20":1.0,"21":1.0,"22":1.0,"23":1.0,"24":1.0,"25":1.0,"26":1.0,"27":1.0},"col_sample_rate_per_tree":{"0":1.0,"1":0.8,"2":0.8,"3":0.8,"4":0.7,"5":0.7,"6":0.8,"7":0.4,"8":0.8,"9":0.7,"10":0.8,"11":0.4,"12":0.8,"13":0.8,"14":0.7,"15":0.8,"16":0.8,"17":0.7,"18":0.7,"19":0.4,"20":0.4,"21":0.4,"22":0.4,"23":0.4,"24":0.4,"25":0.4,"26":0.7,"27":0.7},"histogram_type":{"0":"AUTO","1":"AUTO","2":"AUTO","3":"AUTO","4":"AUTO","5":"AUTO","6":"AUTO","7":"AUTO","8":"AUTO","9":"AUTO","10":"AUTO","11":"AUTO","12":"AUTO","13":"AUTO","14":"AUTO","15":"AUTO","16":"AUTO","17":"AUTO","18":"AUTO","19":"AUTO","20":"AUTO","21":"AUTO","22":"AUTO","23":"AUTO","24":"AUTO","25":"AUTO","26":"AUTO","27":"AUTO"},"max_after_balance_size":{"0":5.0,"1":5.0,"2":5.0,"3":5.0,"4":5.0,"5":5.0,"6":5.0,"7":5.0,"8":5.0,"9":5.0,"10":5.0,"11":5.0,"12":5.0,"13":5.0,"14":5.0,"15":5.0,"16":5.0,"17":5.0,"18":5.0,"19":5.0,"20":5.0,"21":5.0,"22":5.0,"23":5.0,"24":5.0,"25":5.0,"26":5.0,"27":5.0},"max_runtime_secs":{"0":0.0,"1":0.0,"2":0.0,"3":0.0,"4":0.0,"5":0.0,"6":0.0,"7":0.0,"8":0.0,"9":0.0,"10":0.0,"11":0.0,"12":0.0,"13":0.0,"14":0.0,"15":0.0,"16":0.0,"17":0.0,