{"Variable":{"0":"Excess kurtosis of the integrated profile","1":"Mean of the integrated profile","2":"Skewness of the integrated profile","3":"Standard deviation of the integrated profile","4":"Standard deviation of the DM-SNR curve","5":"Excess kurtosis of the DM-SNR curve","6":"Skewness of the DM-SNR curve","7":"Mean of the DM-SNR curve"},"relative_importance":{"0":2424.158203125,"1":1751.2691650391,"2":1278.4227294922,"3":1120.3979492188,"4":1085.845703125,"5":912.8766479492,"6":477.8441772461,"7":392.9725036621},"scaled_importance":{"0":1.0,"1":0.7224236285,"2":0.5273676973,"3":0.4621802108,"4":0.4479269141,"5":0.3765746999,"6":0.1971175712,"7":0.1621067895},"percentage":{"0":0.2566934412,"1":0.1854414072,"2":0.135371829,"3":0.1186386287,"4":0.114979901,"5":0.0966642556,"6":0.0505987877,"7":0.0416117496}}