{"model_id":{"0":"DeepLearning_grid_1_AutoML_20190425_214354_model_2","1":"GBM_5_AutoML_20190425_214354","2":"GBM_grid_1_AutoML_20190425_214354_model_2","3":"GBM_1_AutoML_20190425_214354","4":"GBM_4_AutoML_20190425_214354","5":"GBM_2_AutoML_20190425_214354","6":"GBM_3_AutoML_20190425_214354","7":"GBM_grid_1_AutoML_20190425_214354_model_1","8":"GLM_grid_1_AutoML_20190425_214354_model_1","9":"StackedEnsemble_AllModels_AutoML_20190425_214354","10":"StackedEnsemble_BestOfFamily_AutoML_20190425_214354","11":"DeepLearning_1_AutoML_20190425_214354","12":"DeepLearning_grid_1_AutoML_20190425_214354_model_1","13":"DRF_1_AutoML_20190425_214354","14":"XRT_1_AutoML_20190425_214354","15":"DeepLearning_grid_1_AutoML_20190425_214354_model_3","16":"GBM_grid_1_AutoML_20190425_214354_model_3"},"auc":{"0":0.9787415622,"1":0.9780264376,"2":0.9775299181,"3":0.9774922987,"4":0.9773210133,"5":0.976798695,"6":0.9764655055,"7":0.9763104686,"8":0.9760869476,"9":0.9756671679,"10":0.975247876,"11":0.9744078288,"12":0.972267502,"13":0.9662110075,"14":0.9650816757,"15":0.9642267308,"16":0.8603075272},"logloss":{"0":0.0730881885,"1":0.069036661,"2":0.071442755,"3":0.0763297019,"4":0.0722623671,"5":0.0705098842,"6":0.0711147183,"7":0.1148759893,"8":0.0737488428,"9":0.075577084,"10":0.0753706327,"11":0.075218816,"12":0.1525484599,"13":0.2001585555,"14":0.1923951204,"15":0.1241972093,"16":0.6739566305},"mean_per_class_error":{"0":0.0700170903,"1":0.0765673649,"2":0.0686221525,"3":0.0756927566,"4":0.0756570886,"5":0.0683712191,"6":0.0795565011,"7":0.0752671417,"8":0.0765981171,"9":0.0722681737,"10":0.0720246141,"11":0.0725806116,"12":0.0705374197,"13":0.0719680255,"14":0.0747751065,"15":0.0821556905,"16":0.1525430642},"rmse":{"0":0.1302918772,"1":0.1277363553,"2":0.1311499624,"3":0.1330600556,"4":0.130517557,"5":0.129137496,"6":0.1294851146,"7":0.1614896191,"8":0.1318388083,"9":0.1304551733,"10":0.1302484656,"11":0.1317387079,"12":0.140331854,"13":0.1317234593,"14":0.132774726,"15":0.1372234076,"16":0.1995109774},"mse":{"0":0.0169759733,"1":0.0163165765,"2":0.0172003126,"3":0.0177049784,"4":0.0170348327,"5":0.0166764929,"6":0.0167663949,"7":0.0260788971,"8":0.0173814714,"9":0.0170185522,"10":0.0169646628,"11":0.0173550872,"12":0.0196930292,"13":0.0173510697,"14":0.0176291279,"15":0.0188302636,"16":0.0398046301}}