{"Model_name":{"0":"GBM_5_AutoML_20190425_214354","1":"GBM_grid_1_AutoML_20190425_214354_model_2","2":"GBM_1_AutoML_20190425_214354","3":"GBM_4_AutoML_20190425_214354","4":"GBM_2_AutoML_20190425_214354","5":"GBM_3_AutoML_20190425_214354","6":"GBM_grid_1_AutoML_20190425_214354_model_1","7":"GBM_grid_1_AutoML_20190425_214354_model_3"},"Leaderboard_rank":{"0":2,"1":3,"2":4,"3":5,"4":6,"5":7,"6":8,"7":17},"learn_rate":{"0":0.1,"1":0.05,"2":0.1,"3":0.1,"4":0.1,"5":0.1,"6":0.001,"7":0.8},"learn_rate_annealing":{"0":1.0,"1":1.0,"2":1.0,"3":1.0,"4":1.0,"5":1.0,"6":1.0,"7":1.0},"max_abs_leafnode_pred":{"0":1.797693135e+308,"1":1.797693135e+308,"2":1.797693135e+308,"3":1.797693135e+308,"4":1.797693135e+308,"5":1.797693135e+308,"6":1.797693135e+308,"7":1.797693135e+308},"pred_noise_bandwidth":{"0":0.0,"1":0.0,"2":0.0,"3":0.0,"4":0.0,"5":0.0,"6":0.0,"7":0.0},"distribution":{"0":null,"1":null,"2":null,"3":null,"4":null,"5":null,"6":null,"7":null},"tweedie_power":{"0":1.5,"1":1.5,"2":1.5,"3":1.5,"4":1.5,"5":1.5,"6":1.5,"7":1.5},"quantile_alpha":{"0":0.5,"1":0.5,"2":0.5,"3":0.5,"4":0.5,"5":0.5,"6":0.5,"7":0.5},"huber_alpha":{"0":0.9,"1":0.9,"2":0.9,"3":0.9,"4":0.9,"5":0.9,"6":0.9,"7":0.9},"categorical_encoding":{"0":"AUTO","1":"AUTO","2":"AUTO","3":"AUTO","4":"AUTO","5":"AUTO","6":"AUTO","7":"AUTO"},"max_depth":{"0":15,"1":14,"2":15,"3":15,"4":15,"5":15,"6":17,"7":8},"sample_rate":{"0":0.8,"1":0.6,"2":0.8,"3":0.8,"4":0.8,"5":0.8,"6":0.8,"7":0.5},"col_sample_rate":{"0":0.8,"1":0.4,"2":0.8,"3":0.8,"4":0.8,"5":0.8,"6":0.4,"7":0.7},"ntrees":{"0":58,"1":139,"2":58,"3":58,"4":58,"5":58,"6":1045,"7":15},"nfolds":{"0":null,"1":null,"2":null,"3":null,"4":null,"5":null,"6":null,"7":null},"Logloss":{"0":0.069036661,"1":0.071442755,"2":0.0763297019,"3":0.0722623671,"4":0.0705098842,"5":0.0711147183,"6":0.1148759893,"7":0.6739566305},"balance_classes":{"0":0.0,"1":0.0,"2":0.0,"3":0.0,"4":0.0,"5":0.0,"6":0.0,"7":0.0},"class_sampling_factors":{"0":null,"1":null,"2":null,"3":null,"4":null,"5":null,"6":null,"7":null},"col_sample_rate_change_per_level":{"0":1.0,"1":1.0,"2":1.0,"3":1.0,"4":1.0,"5":1.0,"6":1.0,"7":1.0},"col_sample_rate_per_tree":{"0":0.8,"1":0.4,"2":0.8,"3":0.8,"4":0.8,"5":0.8,"6":0.7,"7":0.7},"histogram_type":{"0":"AUTO","1":"AUTO","2":"AUTO","3":"AUTO","4":"AUTO","5":"AUTO","6":"AUTO","7":"AUTO"},"max_after_balance_size":{"0":5.0,"1":5.0,"2":5.0,"3":5.0,"4":5.0,"5":5.0,"6":5.0,"7":5.0},"max_runtime_secs":{"0":0.0,"1":0.0,"2":0.0,"3":0.0,"4":0.0,"5":0.0,"6":0.0,"7":0.0},"min_rows":{"0":100.0,"1":100.0,"2":100.0,"3":100.0,"4":100.0,"5":100.0,"6":30.0,"7":15.0},"min_split_improvement":{"0":0.00001,"1":0.0001,"2":0.00001,"3":0.00001,"4":0.00001,"5":0.00001,"6":0.0001,"7":0.00001},"model_id":{"0":{"__meta":{"schema_version":3,"schema_name":"ModelKeyV3","schema_type":"Key<Model>"},"name":"GBM_5_AutoML_20190425_214354","type":"Key<Model>","URL":"\/3\/Models\/GBM_5_AutoML_20190425_214354"},"1":{"__meta":{"schema_version":3,"schema_name":"ModelKeyV3","schema_type":"Key<Model>"},"name":"GBM_grid_1_AutoML_20190425_214354_model_2","type":"Key<Model>","URL":"\/3\/Models\/GBM_grid_1_AutoML_20190425_214354_model_2"},"2":{"__meta":{"schema_version":3,"schema_name":"ModelKeyV3","schema_type":"Key<Model>"},"name":"GBM_1_AutoML_20190425_214354","type":"Key<Model>","URL":"\/3\/Models\/GBM_1_AutoML_20190425_214354"},"3":{"__meta":{"schema_version":3,"schema_name":"ModelKeyV3","schema_type":"Key<Model>"},"name":"GBM_4_AutoML_20190425_214354","type":"Key<Model>","URL":"\/3\/Models\/GBM_4_AutoML_20190425_214354"},"4":{"__meta":{"schema_version":3,"schema_name":"ModelKeyV3","schema_type":"Key<Model>"},"name":"GBM_2_AutoML_20190425_214354","type":"Key<Model>","URL":"\/3\/Models\/GBM_2_AutoML_20190425_214354"},"5":{"__meta":{"schema_version":3,"schema_name":"ModelKeyV3","schema_type":"Key<Model>"},"name":"GBM_3_AutoML_20190425_214354","type":"Key<Model>","URL":"\/3\/Models\/GBM_3_AutoML_20190425_214354"},"6":{"__meta":{"schema_version":3,"schema_name":"ModelKeyV3","schema_type":"Key<Model>"},"name":"GBM_grid_1_AutoML_20190425_214354_model_1","type":"Key<Model>","URL":"\/3\/Models\/GBM_grid_1_AutoML_20190425_214354_model_1"},"7":{"__meta":{"schema_version":3,"schema_name":"ModelKeyV3","schema_type":"Key<Model>"},"name":"GBM_grid_1_AutoML_20190425_214354_model_3","type":"Key<Model>","URL":"\/3\/Models\/GBM_grid_1_AutoML_20190425_214354_model_3"}},"nbins":{"0":20.0,"1":20.0,"2":20.0,"3":20.0,"4":20.0,"5":20.0,"6":20.0,"7":20.0},"nbins_cats":{"0":1024.0,"1":1024.0,"2":1024.0,"3":1024.0,"4":1024.0,"5":1024.0,"6":1024.0,"7":1024.0},"nbins_top_level":{"0":1024.0,"1":1024.0,"2":1024.0,"3":1024.0,"4":1024.0,"5":1024.0,"6":1024.0,"7":1024.0},"sample_rate_per_class":{"0":null,"1":null,"2":null,"3":null,"4":null,"5":null,"6":null,"7":null},"seed":{"0":5.369976477e+18,"1":-5.680043214e+18,"2":5.369976477e+18,"3":5.369976477e+18,"4":5.369976477e+18,"5":5.369976477e+18,"6":3.605030575e+18,"7":-3.300218114e+18},"stopping_metric":{"0":"logloss","1":"logloss","2":"logloss","3":"logloss","4":"logloss","5":"logloss","6":"logloss","7":"logloss"},"stopping_rounds":{"0":0.0,"1":0.0,"2":0.0,"3":0.0,"4":0.0,"5":0.0,"6":0.0,"7":0.0},"stopping_tolerance":{"0":0.0074747685,"1":0.0074747685,"2":0.0074747685,"3":0.0074747685,"4":0.0074747685,"5":0.0074747685,"6":0.0074747685,"7":0.0074747685}}