{"Variable":{"0":"Excess kurtosis of the integrated profile","1":"Skewness of the integrated profile","2":"Mean of the integrated profile","3":"Mean of the DM-SNR curve","4":"Standard deviation of the DM-SNR curve","5":"Standard deviation of the integrated profile","6":"Excess kurtosis of the DM-SNR curve","7":"Skewness of the DM-SNR curve"},"relative_importance":{"0":29741.462890625,"1":13475.005859375,"2":9608.9375,"3":2799.8728027344,"4":1735.6867675781,"5":746.3794555664,"6":644.0104980469,"7":202.5672149658},"scaled_importance":{"0":1.0,"1":0.4530713875,"2":0.323082208,"3":0.0941403862,"4":0.0583591592,"5":0.0250955865,"6":0.0216536255,"7":0.0068109365},"percentage":{"0":0.5044865784,"1":0.2285684341,"2":0.1629906377,"3":0.0474925613,"4":0.0294414125,"5":0.0126603866,"6":0.0109239634,"7":0.003436026}}